Name,URN,Postcode,Lat,Lon,Website,Attainment 8,Progress 8,Pupil Count,Ofsted_Overall
Hazelbeck Special School,139977,BD16 1EE,53.8414013,-1.8275401,https://www.hazelbeck.org/,,,11.0,1.0
Dixons Trinity Academy,138251,BD5 0BE,53.7864138,-1.7612813,https://www.dixonsta.com/,54.7,0.72,116.0,1.0
Otley Prince Henry's Grammar School Specialist Language College,137704,LS21 2BB,53.9125704,-1.6945897,https://www.princehenrys.co.uk/,53.4,0.34,278.0,2.0
Carlton Bolling,147100,BD3 0DU,53.8022475,-1.7382033,https://www.carltonbolling.co.uk/,43.0,0.27,323.0,1.0
Bradford Academy,135367,BD4 7QJ,53.776937,-1.7322263,https://www.bradfordacademy.co.uk/,33.1,-0.94,230.0,3.0
Co-op Academy Grange,147177,BD5 9ET,53.7754389,-1.7774531,https://grange.coopacademies.co.uk/,30.5,-1.2,274.0,4.0
BBG Academy,138111,BD19 4BE,53.7448624,-1.6894071,http://www.bbgacademy.com/,52.1,0.48,199.0,2.0
Crawshaw Academy,138304,LS28 9HU,53.7932421,-1.656194,https://www.crawshawacademy.org.uk/,42.9,-0.59,222.0,2.0
Pudsey Grammar School,108079,LS28 7ND,53.8004092,-1.6591737,https://www.pudseygrammar.co.uk/,45.5,-0.12,192.0,2.0
Titus Salt School,107395,BD17 5RH,53.8429142,-1.7940616,https://www.titussaltschool.co.uk/,39.1,-0.58,254.0,2.0
Beckfoot School,139975,BD16 1EE,53.8406483,-1.8282424,https://www.beckfoot.org/,50.4,0.42,267.0,1.0
"St. Mary's Menston, a Catholic Voluntary Academy",139351,LS29 6AE,53.8838655,-1.7269556,https://www.stmarysmenston.org/,56.5,0.41,199.0,1.0
South Craven School,136736,BD20 7RL,53.8995585,-1.9882215,https://www.southcraven.org,46.5,0.2,296.0,2.0
West Specialist Inclusive Learning Centre (Mainsite),134884,LS28 6HL,53.8088328,-1.6585998,https://www.westsilc.co.uk/,2.2,-1.44,26.0,2.0
The Crossley Heath School,139182,HX3 0HG,53.7115285,-1.877927,https://www.crossleyheath.org.uk/,72.6,0.49,179.0,2.0
Leeds West Academy,135935,LS13 1DQ,53.8147005,-1.6520781,,38.6,-0.3,247.0,2.0
Immanuel College,142590,BD10 9AQ,53.8426114,-1.7269034,https://www.immanuelcollege.org/,40.6,-0.56,283.0,2.0
Trinity Academy Grammar,144946,HX6 2NW,53.7139561,-1.9086,https://grammar.trinitymat.org/,44.5,0.38,197.0,2.0
Ilkley Grammar School,136905,LS29 8TR,53.9221081,-1.8146902,https://www.ilkleygrammarschool.com/,56.5,0.54,321.0,1.0
The Halifax Academy,140326,HX2 0BA,53.7239598,-1.893369,https://www.thehalifaxacademy.org/,40.9,-0.2,199.0,2.0
Guiseley School,108085,LS20 8DT,53.8715377,-1.7179556,https://www.guiseleyschool.org.uk/,49.4,-0.04,214.0,2.0
Brighouse High School,136604,HD6 2NY,53.7132381,-1.7944616,https://www.brighouse.calderdale.sch.uk/,44.7,-0.24,208.0,2.0
Buttershaw Business & Enterprise College Academy,142825,BD6 3PX,53.7659198,-1.7940873,https://www.buttershaw.net,33.0,-0.83,290.0,4.0
"Whitcliffe Mount, A Share Academy",149162,BD19 3AQ,53.7268398,-1.7299748,https://www.whitcliffemount.co.uk/,47.0,0.13,240.0,2.0
Beckfoot Thornton,143114,BD13 3BH,53.7910413,-1.8196026,https://www.beckfootthornton.org/,37.3,-0.49,257.0,2.0
Dixons Allerton Academy,135866,BD8 0DH,53.7997309,-1.8119877,https://www.dixonsaa.com,43.4,-0.22,242.0,3.0
Bradford Girls' Grammar School,140204,BD9 6RB,53.8031663,-1.7964124,https://www.bggs.com/,46.9,0.11,114.0,3.0
St Bede's and St Joseph's Catholic College,148520,BD9 4BQ,53.8140333,-1.7858234,https://sbsj.co.uk/,45.5,-0.15,294.0,2.0
Bradford Alternative Provision Academy,146851,BD18 3JE,53.8367913,-1.7859075,https://www.bradfordapacademy.co.uk/,,,,1.0
Beckfoot Upper Heaton,142031,BD9 6AL,53.8186341,-1.811829,https://www.beckfootupperheaton.org/,32.7,-0.71,150.0,2.0
Belle Vue Girls' Academy,138087,BD9 6NA,53.8198964,-1.8124838,https://www.bvgacademy.co.uk/,43.8,0.16,190.0,2.0
High Park School,143533,BD9 6RY,53.8187282,-1.8071853,https://www.highpark.org.uk/,,,9.0,2.0
Carlton Keighley,136198,BD20 6EB,53.8789222,-1.916129,https://carltonkeighley.org.uk/,36.3,-0.29,143.0,2.0
The North Halifax Grammar School,136788,HX2 9SU,53.7554809,-1.8807759,https://www.nhgs.co.uk/,68.4,0.18,180.0,2.0
Benton Park School,108083,LS19 6LX,53.8569646,-1.6829091,https://www.bentonpark.org.uk/,46.8,-0.15,225.0,3.0
Bingley Grammar School,107439,BD16 2RS,53.8553895,-1.8467535,https://www.bingleygrammar.org/,48.9,-0.03,326.0,2.0
Trinity Academy Bradford,148545,BD13 2AS,53.7645495,-1.8465963,https://bradford.trinitymat.org,43.7,-0.02,162.0,2.0
Brooklands School,121778,BD23 2DB,53.9544928,-2.0224166,https://www.brooklands.n-yorks.sch.uk/,,,7.0,2.0
The Holy Family Catholic School,149299,BD20 6LH,53.8757291,-1.9178323,https://www.holyfamilyschool.uk/,34.0,-0.59,154.0,4.0
Dixons Cottingley Academy,146198,BD16 1TZ,53.8302533,-1.8168852,https://www.dixonsco.com/,50.1,0.65,179.0,2.0
Parkside School,150001,BD13 5AD,53.8269641,-1.8915397,https://www.parksideschool.net/,36.9,-0.86,202.0,4.0
Beckfoot Oakbank,143112,BD22 7DU,53.8547968,-1.92527,http://www.oakbank.org.uk,36.0,-0.62,286.0,4.0
Hanson Academy,149011,BD2 1JP,53.8182846,-1.743299,https://hanson.org.uk/,35.0,-0.69,268.0,4.0
Appleton Academy,145173,BD12 8AL,53.7422339,-1.7730158,https://appletonacademy.co.uk/,34.1,-0.87,168.0,2.0
Dixons City Academy,130909,BD5 7RR,53.780192,-1.7569034,https://www.dixonsca.com/,51.8,0.33,175.0,1.0
Lightcliffe Academy,137036,HX3 8TL,53.7217837,-1.7901928,https://www.lightcliffeacademy.co.uk/,38.7,-0.37,203.0,3.0
The Whitley AP Academy,146204,HX2 9SR,53.7560663,-1.8859147,https://twapa.co.uk/,,,,2.0
Feversham Girls' Secondary Academy,136962,BD3 0LT,53.8056783,-1.7471429,https://www.fga.iexel.org.uk/,52.4,0.68,120.0,1.0
Oastlers School,149519,BD4 7RH,53.7779598,-1.7370355,https://www.oastlers.com/,14.4,-1.0,28.0,1.0
Tong Leadership Academy,142761,BD4 6NR,53.7649195,-1.6972069,http://www.tongschool.co.uk/,35.8,-0.61,149.0,2.0
Dixons Kings Academy,137277,BD7 2AN,53.7899115,-1.7881952,https://www.dixonska.com/,53.4,0.54,169.0,1.0
Laisterdyke Leadership Academy,142681,BD3 8HE,53.7967168,-1.7151923,https://www.laisterdykeleadershipacademy.com/,35.8,-0.43,165.0,2.0
Oasis Academy Lister Park,139995,BD8 7ND,53.8154644,-1.7662401,https://www.oasisacademylisterpark.org/,32.6,-0.58,161.0,2.0
Craven Pupil Referral Service,135851,BD23 2QS,53.9476636,-2.0163528,http://www.cravenprs.org.uk,,,,2.0
Co-op Academy Priesthorpe,144588,LS28 5SG,53.8093937,-1.6878234,https://www.priesthorpe.coopacademies.co.uk/,39.3,-0.4,206.0,2.0
Bradford Forster Academy,140429,BD4 8RG,53.7799027,-1.723678,https://bradfordforsteracademy.co.uk/,37.0,-0.54,187.0,4.0
Trinity Academy Halifax,136094,HX2 9TZ,53.7539277,-1.8771492,https://halifax.trinitymat.org,43.5,0.0,318.0,1.0
Green Meadows Academy,148654,LS20 8LS,53.8743268,-1.7216074,https://greenmeadows.org.uk/,7.3,-1.37,23.0,2.0
Fairfield School,107802,WF17 8AS,53.7209958,-1.6657451,https://www.fairfieldschool.uk/,,,10.0,2.0
Bronte Girls' Secondary Academy,147067,BD4 7EB,53.7855637,-1.7455193,https://bga.iexel.org.uk/,51.2,0.21,127.0,2.0
Dixons McMillan Academy,141002,BD5 0JD,53.786417,-1.7652387,https://www.dixonsma.com/,47.8,-0.16,114.0,2.0
